榜单更新时间,抓取时间,排名,作品名,作品ID,人气,收藏,点赞
2026-10-05 11:30,2026-10-05 11:20:14,1,师途,32351,,,
2026-10-05 11:30,2026-10-05 11:20:14,2,三界衔,1561773,,,
2026-10-05 11:30,2026-10-05 11:20:14,3,临帝阙,178176,,,
2026-10-05 11:30,2026-10-05 11:20:14,4,风华临安,1644173,,,
2026-10-05 11:30,2026-10-05 11:20:14,5,世长宁,1672784,,,
2026-10-05 11:30,2026-10-05 11:20:14,6,宫妃,8075,,,
2026-10-05 11:30,2026-10-05 11:20:14,7,勿扰修仙中,397723,,,
2026-10-05 11:30,2026-10-05 11:20:14,8,星期天不上头条,468214,,,
2026-10-05 11:30,2026-10-05 11:20:14,9,玉台旧事,1960125,,,
2026-10-05 11:30,2026-10-05 11:20:14,10,神也梦春秋,325672,,,
2026-10-05 11:30,2026-10-05 11:20:14,11,仙路漫漫,35066,,,
2026-10-05 11:30,2026-10-05 11:20:14,12,怪我过分美丽,103593,,,
2026-10-05 11:30,2026-10-05 11:20:14,13,江山千秋万代,368816,,,
2026-10-05 11:30,2026-10-05 11:20:14,14,仙履奇谈,116271,,,
2026-10-05 11:30,2026-10-05 11:20:14,15,帝宴千秋,2204392,,,
2026-10-05 11:30,2026-10-05 11:20:14,16,AMNESIA 失忆症,3862,,,
2026-10-05 11:30,2026-10-05 11:20:14,17,京中叙,1544579,,,
2026-10-05 11:30,2026-10-05 11:20:14,18,梦人间,437355,,,
2026-10-05 11:30,2026-10-05 11:20:14,19,我在古代当首富￥,2141006,,,
2026-10-05 11:30,2026-10-05 11:20:14,20,无情笺,1059026,,,
2026-10-05 11:30,2026-10-05 11:20:14,21,仙门逸事,203447,,,
2026-10-05 11:30,2026-10-05 11:20:14,22,溯世书⁡,1232221,,,
2026-10-05 11:30,2026-10-05 11:20:14,23,都想攻略女魔头,155589,,,
2026-10-05 11:30,2026-10-05 11:20:14,24,赴韶光,1070596,,,
2026-10-05 11:30,2026-10-05 11:20:14,25,妄情债,1738960,,,
2026-10-05 11:30,2026-10-05 11:20:14,26,娱乐圈|热搜预定,802492,,,
2026-10-05 11:30,2026-10-05 11:20:14,27,后宫升职手札,379597,,,
2026-10-05 11:30,2026-10-05 11:20:14,28,青宫赋,2253369,,,
2026-10-05 11:30,2026-10-05 11:20:14,29,古代主母风华录,388793,,,
2026-10-05 11:30,2026-10-05 11:20:14,30,美女进化论,165942,,,
2026-10-05 11:30,2026-10-05 11:20:14,31,恶女模拟器,495331,,,
2026-10-05 11:30,2026-10-05 11:20:14,32,末日之基地建设,514780,,,
2026-10-05 11:30,2026-10-05 11:20:14,33,替兄嫁了公主后,1471378,,,
2026-10-05 11:30,2026-10-05 11:20:14,34,宫妃风华录,66777,,,
2026-10-05 11:30,2026-10-05 11:20:14,35,一瞻杏花雨,1206600,,,
2026-10-05 11:30,2026-10-05 11:20:14,36,渡前缘,882435,,,
2026-10-05 11:30,2026-10-05 11:20:14,37,谋仙渡,2196891,,,
2026-10-05 11:30,2026-10-05 11:20:14,38,山河长憾,1832279,,,
2026-10-05 11:30,2026-10-05 11:20:14,39,并不是一般穿游,481832,,,
2026-10-05 11:30,2026-10-05 11:20:14,40,朕真不想造反啊,1625253,,,
2026-10-05 11:30,2026-10-05 11:20:14,41,这宫斗没法继续了,499545,,,
2026-10-05 11:30,2026-10-05 11:20:14,42,暗卫他又跑,1577628,,,
2026-10-05 11:30,2026-10-05 11:20:14,43,千秋百代：帝王一小时,410771,,,
2026-10-05 11:30,2026-10-05 11:20:14,44,虔诚之花的晚钟,44385,,,
2026-10-05 11:30,2026-10-05 11:20:14,45,古代富婆模拟器,1444027,,,
2026-10-05 11:30,2026-10-05 11:20:14,46,天纵,532304,,,
2026-10-05 11:30,2026-10-05 11:20:14,47,世家主母日常,137880,,,
2026-10-05 11:30,2026-10-05 11:20:14,48,三国攻略手札,61744,,,
2026-10-05 11:30,2026-10-05 11:20:14,49,明月照千山,2273898,,,
2026-10-05 11:30,2026-10-05 11:20:14,50,造星梦工厂96,1236739,,,
2026-10-05 11:30,2026-10-05 11:20:14,51,帝凰风华录,430177,,,
2026-10-05 11:30,2026-10-05 11:20:14,52,开播吧！电视台,806177,,,
2026-10-05 11:30,2026-10-05 11:20:14,53,国际女团出道战,917544,,,
2026-10-05 11:30,2026-10-05 11:20:14,54,青梅折枝意,835017,,,
2026-10-05 11:30,2026-10-05 11:20:14,55,凭什么我是反派,454060,,,
2026-10-05 11:30,2026-10-05 11:20:14,56,揽仙途,1923085,,,
2026-10-05 11:30,2026-10-05 11:20:14,57,世系长歌,367416,,,
2026-10-05 11:30,2026-10-05 11:20:14,58,朝暮谣,2128510,,,
2026-10-05 11:30,2026-10-05 11:20:14,59,帝王KPI,674180,,,
2026-10-05 11:30,2026-10-05 11:20:14,60,你的私有玩物们,2262694,,,
2026-10-05 11:30,2026-10-05 11:20:14,61,司星·天命在我,221896,,,
2026-10-05 11:30,2026-10-05 11:20:14,62,古代女子生存实录,421988,,,
2026-10-05 11:30,2026-10-05 11:20:14,63,京都有人家,1495203,,,
2026-10-05 11:30,2026-10-05 11:20:14,64,冒犯哥哥对不起了,1668747,,,
2026-10-05 11:30,2026-10-05 11:20:14,65,与君共长生,562872,,,
2026-10-05 11:30,2026-10-05 11:20:14,66,仙迹朝闻录,1386869,,,
2026-10-05 11:30,2026-10-05 11:20:14,67,纵神欢,1113864,,,
2026-10-05 11:30,2026-10-05 11:20:14,68,吾凰·在上,1394326,,,
2026-10-05 11:30,2026-10-05 11:20:14,69,杏林志,1106890,,,
2026-10-05 11:30,2026-10-05 11:20:14,70,大道风月史,1356274,,,
2026-10-05 11:30,2026-10-05 11:20:14,71,顶流一代,1347904,,,
2026-10-05 11:30,2026-10-05 11:20:14,72,诱君多采撷,985739,,,
2026-10-05 11:30,2026-10-05 11:20:14,73,金珠遗梦,1055656,,,
2026-10-05 11:30,2026-10-05 11:20:14,74,闪耀48区,2057385,,,
2026-10-05 11:30,2026-10-05 11:20:14,75,皇后是只狐狸精,126029,,,
2026-10-05 11:30,2026-10-05 11:20:14,76,凯尔布兰恩的誓言 ~The Calebranns Pledge~,529363,,,
2026-10-05 11:30,2026-10-05 11:20:14,77,无限求生：房车囤货组队,2056454,,,
2026-10-05 11:30,2026-10-05 11:20:14,78,黑月光师尊拿命洗白,411499,,,
2026-10-05 11:30,2026-10-05 11:20:14,79,废土之王Ⅰ：起源,1035643,,,
2026-10-05 11:30,2026-10-05 11:20:14,80,无情道在逃毕业生,906237,,,
2026-10-05 11:30,2026-10-05 11:20:14,81,我竟然是个女魔头,566957,,,
2026-10-05 11:30,2026-10-05 11:20:14,82,赴星河,682437,,,
2026-10-05 11:30,2026-10-05 11:20:14,83,病理性诱捕,555888,,,
2026-10-05 11:30,2026-10-05 11:20:14,84,宫斗这件小事新版,18216,,,
2026-10-05 11:30,2026-10-05 11:20:14,85,偏执大佬的金丝雀,387487,,,
2026-10-05 11:30,2026-10-05 11:20:14,86,我没有在争娱女一呀,2136044,,,
2026-10-05 11:30,2026-10-05 11:20:14,87,折书见长安,1359801,,,
2026-10-05 11:30,2026-10-05 11:20:14,88,社恐勇闯恋综,1269315,,,
2026-10-05 11:30,2026-10-05 11:20:14,89,从寒门开始,662397,,,
2026-10-05 11:30,2026-10-05 11:20:14,90,向我臣服,1546532,,,
2026-10-05 11:30,2026-10-05 11:20:14,91,尊者她要弑仙,1098780,,,
2026-10-05 11:30,2026-10-05 11:20:14,92,渣皇本色,156229,,,
2026-10-05 11:30,2026-10-05 11:20:14,93,问天·神显,1001159,,,
2026-10-05 11:30,2026-10-05 11:20:14,94,后宫群妃录,908005,,,
2026-10-05 11:30,2026-10-05 11:20:14,95,模拟古代生活：万年无疆,787732,,,
2026-10-05 11:30,2026-10-05 11:20:14,96,寡夫房里是非多,1219255,,,
2026-10-05 11:30,2026-10-05 11:20:14,97,灰日告白,1536181,,,
2026-10-05 11:30,2026-10-05 11:20:14,98,后宫·妃色浅,527821,,,
2026-10-05 11:30,2026-10-05 11:20:14,99,被迫成为战五渣后,1189001,,,
2026-10-05 11:30,2026-10-05 11:20:14,100,问道缥缈,492292,,,
2026-10-05 11:30,2026-10-05 11:20:14,101,半荀来袭,78606,,,
2026-10-05 11:30,2026-10-05 11:20:14,102,捉鬼师后日谈,436436,,,
2026-10-05 11:30,2026-10-05 11:20:14,103,顶流不过如此,1407341,,,
2026-10-05 11:30,2026-10-05 11:20:14,104,弥留之境,484780,,,
2026-10-05 11:30,2026-10-05 11:20:14,105,缠梦症,1461480,,,
2026-10-05 11:30,2026-10-05 11:20:14,106,恶名远扬,1491506,,,
2026-10-05 11:30,2026-10-05 11:20:14,107,逢尊,101975,,,
2026-10-05 11:30,2026-10-05 11:20:14,108,模拟豪门人生,1312326,,,
2026-10-05 11:30,2026-10-05 11:20:14,109,乌山四中狐狸食人事件,1551952,,,
2026-10-05 11:30,2026-10-05 11:20:14,110,殿下在上,1080703,,,
2026-10-05 11:30,2026-10-05 11:20:14,111,修仙从掌门开始,1970231,,,
2026-10-05 11:30,2026-10-05 11:20:14,112,开生门,1106987,,,
2026-10-05 11:30,2026-10-05 11:20:14,113,女帝风月鉴,476468,,,
2026-10-05 11:30,2026-10-05 11:20:14,114,表小姐成长计划,2240459,,,
2026-10-05 11:30,2026-10-05 11:20:14,115,迢迢江湖梦,1249262,,,
2026-10-05 11:30,2026-10-05 11:20:14,116,吞噬：Swallow,1569238,,,
2026-10-05 11:30,2026-10-05 11:20:14,117,残霜烬,1590847,,,
2026-10-05 11:30,2026-10-05 11:20:14,118,朕被迫上位,1320442,,,
2026-10-05 11:30,2026-10-05 11:20:14,119,帝尊风月史,1733342,,,
2026-10-05 11:30,2026-10-05 11:20:14,120,后妃成长录,371407,,,
2026-10-05 11:30,2026-10-05 11:20:14,121,都是信息素惹的祸,1313249,,,
2026-10-05 11:30,2026-10-05 11:20:14,122,入罗帷,1024818,,,
2026-10-05 11:30,2026-10-05 11:20:14,123,中宫辞,901273,,,
2026-10-05 11:30,2026-10-05 11:20:14,124,折灵,1063393,,,
2026-10-05 11:30,2026-10-05 11:20:14,125,idolux：在？一起搞个顶流,1625376,,,
2026-10-05 11:30,2026-10-05 11:20:14,126,风月择枝栖,1004118,,,
2026-10-05 11:30,2026-10-05 11:20:14,127,诱捕计划,702617,,,
2026-10-05 11:30,2026-10-05 11:20:14,128,花魁宝鉴,392352,,,
2026-10-05 11:30,2026-10-05 11:20:14,129,她是六界白月光,390490,,,
2026-10-05 11:30,2026-10-05 11:20:14,130,二师兄很担心你,1275332,,,
2026-10-05 11:30,2026-10-05 11:20:14,131,孤辰行,1032446,,,
2026-10-05 11:30,2026-10-05 11:20:14,132,夏日相悖论,2336256,,,
2026-10-05 11:30,2026-10-05 11:20:14,133,末日：禁区,1486431,,,
2026-10-05 11:30,2026-10-05 11:20:14,134,古代人生模拟器,93556,,,
2026-10-05 11:30,2026-10-05 11:20:14,135,漂亮炮灰在线求生,562371,,,
2026-10-05 11:30,2026-10-05 11:20:14,136,神女降临,409612,,,
2026-10-05 11:30,2026-10-05 11:20:14,137,妖神榻上眠,529109,,,
2026-10-05 11:30,2026-10-05 11:20:14,138,敌者可宿不可妻,920326,,,
2026-10-05 11:30,2026-10-05 11:20:14,139,南北春秋,570362,,,
2026-10-05 11:30,2026-10-05 11:20:14,140,修仙模拟器：我靠氪金打遍修仙界,1416425,,,
2026-10-05 11:30,2026-10-05 11:20:14,141,山月随人归,1071735,,,
2026-10-05 11:30,2026-10-05 11:20:14,142,春情深几许,1594653,,,
2026-10-05 11:30,2026-10-05 11:20:14,143,王女的棋盘,1575341,,,
2026-10-05 11:30,2026-10-05 11:20:14,144,穿成限制文女配后,1508545,,,
2026-10-05 11:30,2026-10-05 11:20:14,145,难寐春情艳事,1590603,,,
2026-10-05 11:30,2026-10-05 11:20:14,146,千里流放路,1042745,,,
2026-10-05 11:30,2026-10-05 11:20:14,147,反派师尊孕期出逃,1334272,,,
2026-10-05 11:30,2026-10-05 11:20:14,148,举杯吧！少女,403119,,,
2026-10-05 11:30,2026-10-05 11:20:14,149,饲喂游戏,1957819,,,
2026-10-05 11:30,2026-10-05 11:20:14,150,为师不尊,575911,,,
2026-10-05 11:30,2026-10-05 11:20:14,151,恶役大小姐养成计划,40929,,,
2026-10-05 11:30,2026-10-05 11:20:14,152,酒肆有明珠,501686,,,
2026-10-05 11:30,2026-10-05 11:20:14,153,太阳依旧升起,1494277,,,
2026-10-05 11:30,2026-10-05 11:20:14,154,和丈夫和离后，被迫修罗场,1427112,,,
2026-10-05 11:30,2026-10-05 11:20:14,155,聚光灯后,461090,,,
2026-10-05 11:30,2026-10-05 11:20:14,156,古代渣女模拟器,883150,,,
2026-10-05 11:30,2026-10-05 11:20:14,157,全是同的世界与恐同的我,2022447,,,
2026-10-05 11:30,2026-10-05 11:20:14,158,月与蝶之诗,641528,,,
2026-10-05 11:30,2026-10-05 11:20:14,159,仙凡百味人生,1408924,,,
2026-10-05 11:30,2026-10-05 11:20:14,160,皇后今日想弑夫,296338,,,
2026-10-05 11:30,2026-10-05 11:20:14,161,我在京城上头条,992127,,,
2026-10-05 11:30,2026-10-05 11:20:14,162,Omega的监狱生活,948798,,,
2026-10-05 11:30,2026-10-05 11:20:14,163,为官作宰,550178,,,
2026-10-05 11:30,2026-10-05 11:20:14,164,万物灵·新世,152709,,,
2026-10-05 11:30,2026-10-05 11:20:14,165,★天道模拟器,907444,,,
2026-10-05 11:30,2026-10-05 11:20:14,166,统治者们,536290,,,
2026-10-05 11:30,2026-10-05 11:20:14,167,我亲爱的Demon,2072585,,,
2026-10-05 11:30,2026-10-05 11:20:14,168,宫女升职日常,552157,,,
2026-10-05 11:30,2026-10-05 11:20:14,169,养父醋意滔天,2194594,,,
2026-10-05 11:30,2026-10-05 11:20:14,170,反派不当炮灰（新上线版）,165439,,,
2026-10-05 11:30,2026-10-05 11:20:14,171,师尊她体带情花,920611,,,
2026-10-05 11:30,2026-10-05 11:20:14,172,千山行旅图,1360851,,,
2026-10-05 11:30,2026-10-05 11:20:14,173,春潮娈欢,2141982,,,
2026-10-05 11:30,2026-10-05 11:20:14,174,病态迷恋gl,2161356,,,
2026-10-05 11:30,2026-10-05 11:20:14,175,无限修仙录,1415203,,,
2026-10-05 11:30,2026-10-05 11:20:14,176,昭昭宫廷,627494,,,
2026-10-05 11:30,2026-10-05 11:20:14,177,璀璨都市物语,750674,,,
2026-10-05 11:30,2026-10-05 11:20:14,178,请只注视我,2069463,,,
2026-10-05 11:30,2026-10-05 11:20:14,179,捉鬼文女配all in,1098480,,,
2026-10-05 11:30,2026-10-05 11:20:14,180,众生之巅,527694,,,
2026-10-05 11:30,2026-10-05 11:20:14,181,玩转娱圈,402765,,,
2026-10-05 11:30,2026-10-05 11:20:14,182,不可名状之爱,2073975,,,
2026-10-05 11:30,2026-10-05 11:20:14,183,姐姐们都想独占我,1992753,,,
2026-10-05 11:30,2026-10-05 11:20:14,184,家族模拟器：主君在上,1377571,,,
2026-10-05 11:30,2026-10-05 11:20:14,185,国色天香·妃途,493385,,,
2026-10-05 11:30,2026-10-05 11:20:14,186,校园进化论,1049822,,,
2026-10-05 11:30,2026-10-05 11:20:14,187,皇后也宫斗,1716558,,,
2026-10-05 11:30,2026-10-05 11:20:14,188,在下凤三离,377523,,,
2026-10-05 11:30,2026-10-05 11:20:14,189,反派师妹自救攻略,1974547,,,
2026-10-05 11:30,2026-10-05 11:20:14,190,死遁后成了白月光,1338973,,,
2026-10-05 11:30,2026-10-05 11:20:14,191,长行渡云间,1179016,,,
2026-10-05 11:30,2026-10-05 11:20:14,192,妖师惑徒录,1139849,,,
2026-10-05 11:30,2026-10-05 11:20:14,193,兄长在上,2161257,,,
2026-10-05 11:30,2026-10-05 11:20:14,194,攀枝,997212,,,
2026-10-05 11:30,2026-10-05 11:20:14,195,田园深处【完结】,47293,,,
2026-10-05 11:30,2026-10-05 11:20:14,196,.帝王风月录.,1320419,,,
2026-10-05 11:30,2026-10-05 11:20:14,197,新婚夫君不是人,2251721,,,
2026-10-05 11:30,2026-10-05 11:20:14,198,穿成古早师徒文里的炮灰,1217929,,,
2026-10-05 11:30,2026-10-05 11:20:14,199,逐光之羽,2282821,,,
2026-10-05 12:00,2026-10-05 11:45:16,1,师途,32351,,,
2026-10-05 12:00,2026-10-05 11:45:16,2,临帝阙,178176,,,
2026-10-05 12:00,2026-10-05 11:45:16,3,三界衔,1561773,,,
2026-10-05 12:00,2026-10-05 11:45:16,4,风华临安,1644173,,,
2026-10-05 12:00,2026-10-05 11:45:16,5,宫妃,8075,,,
2026-10-05 12:00,2026-10-05 11:45:16,6,世长宁,1672784,,,
2026-10-05 12:00,2026-10-05 11:45:16,7,勿扰修仙中,397723,,,
2026-10-05 12:00,2026-10-05 11:45:16,8,星期天不上头条,468214,,,
2026-10-05 12:00,2026-10-05 11:45:16,9,玉台旧事,1960125,,,
2026-10-05 12:00,2026-10-05 11:45:16,10,神也梦春秋,325672,,,
2026-10-05 12:00,2026-10-05 11:45:16,11,怪我过分美丽,103593,,,
2026-10-05 12:00,2026-10-05 11:45:16,12,仙路漫漫,35066,,,
2026-10-05 12:00,2026-10-05 11:45:16,13,江山千秋万代,368816,,,
2026-10-05 12:00,2026-10-05 11:45:16,14,帝宴千秋,2204392,,,
2026-10-05 12:00,2026-10-05 11:45:16,15,仙履奇谈,116271,,,
2026-10-05 12:00,2026-10-05 11:45:16,16,AMNESIA 失忆症,3862,,,
2026-10-05 12:00,2026-10-05 11:45:16,17,无情笺,1059026,,,
2026-10-05 12:00,2026-10-05 11:45:16,18,京中叙,1544579,,,
2026-10-05 12:00,2026-10-05 11:45:16,19,梦人间,437355,,,
2026-10-05 12:00,2026-10-05 11:45:16,20,我在古代当首富￥,2141006,,,
2026-10-05 12:00,2026-10-05 11:45:16,21,仙门逸事,203447,,,
2026-10-05 12:00,2026-10-05 11:45:16,22,溯世书⁡,1232221,,,
2026-10-05 12:00,2026-10-05 11:45:16,23,妄情债,1738960,,,
2026-10-05 12:00,2026-10-05 11:45:16,24,都想攻略女魔头,155589,,,
2026-10-05 12:00,2026-10-05 11:45:16,25,赴韶光,1070596,,,
2026-10-05 12:00,2026-10-05 11:45:16,26,娱乐圈|热搜预定,802492,,,
2026-10-05 12:00,2026-10-05 11:45:16,27,后宫升职手札,379597,,,
2026-10-05 12:00,2026-10-05 11:45:16,28,青宫赋,2253369,,,
2026-10-05 12:00,2026-10-05 11:45:16,29,古代主母风华录,388793,,,
2026-10-05 12:00,2026-10-05 11:45:16,30,美女进化论,165942,,,
2026-10-05 12:00,2026-10-05 11:45:16,31,恶女模拟器,495331,,,
2026-10-05 12:00,2026-10-05 11:45:16,32,末日之基地建设,514780,,,
2026-10-05 12:00,2026-10-05 11:45:16,33,替兄嫁了公主后,1471378,,,
2026-10-05 12:00,2026-10-05 11:45:16,34,宫妃风华录,66777,,,
2026-10-05 12:00,2026-10-05 11:45:16,35,一瞻杏花雨,1206600,,,
2026-10-05 12:00,2026-10-05 11:45:16,36,渡前缘,882435,,,
2026-10-05 12:00,2026-10-05 11:45:16,37,谋仙渡,2196891,,,
2026-10-05 12:00,2026-10-05 11:45:16,38,并不是一般穿游,481832,,,
2026-10-05 12:00,2026-10-05 11:45:16,39,山河长憾,1832279,,,
2026-10-05 12:00,2026-10-05 11:45:16,40,并不是一般穿游,481832,,,
2026-10-05 12:00,2026-10-05 11:45:16,41,天纵,532304,,,
2026-10-05 12:00,2026-10-05 11:45:16,42,朕真不想造反啊,1625253,,,
2026-10-05 12:00,2026-10-05 11:45:16,43,暗卫他又跑,1577628,,,
2026-10-05 12:00,2026-10-05 11:45:16,44,虔诚之花的晚钟,44385,,,
2026-10-05 12:00,2026-10-05 11:45:16,45,千秋百代：帝王一小时,410771,,,
2026-10-05 12:00,2026-10-05 11:45:16,46,古代富婆模拟器,1444027,,,
2026-10-05 12:00,2026-10-05 11:45:16,47,世家主母日常,137880,,,
2026-10-05 12:00,2026-10-05 11:45:16,48,三国攻略手札,61744,,,
2026-10-05 12:00,2026-10-05 11:45:16,49,明月照千山,2273898,,,
2026-10-05 12:00,2026-10-05 11:45:16,50,造星梦工厂96,1236739,,,
2026-10-05 12:00,2026-10-05 11:45:16,51,青梅折枝意,835017,,,
2026-10-05 12:00,2026-10-05 11:45:16,52,开播吧！电视台,806177,,,
2026-10-05 12:00,2026-10-05 11:45:16,53,帝凰风华录,430177,,,
2026-10-05 12:00,2026-10-05 11:45:16,54,国际女团出道战,917544,,,
2026-10-05 12:00,2026-10-05 11:45:16,55,世系长歌,367416,,,
2026-10-05 12:00,2026-10-05 11:45:16,56,凭什么我是反派,454060,,,
2026-10-05 12:00,2026-10-05 11:45:16,57,揽仙途,1923085,,,
2026-10-05 12:00,2026-10-05 11:45:16,58,朝暮谣,2128510,,,
2026-10-05 12:00,2026-10-05 11:45:16,59,你的私有玩物们,2262694,,,
2026-10-05 12:00,2026-10-05 11:45:16,60,司星·天命在我,221896,,,
2026-10-05 12:00,2026-10-05 11:45:16,61,帝王KPI,674180,,,
2026-10-05 12:00,2026-10-05 11:45:16,62,古代女子生存实录,421988,,,
2026-10-05 12:00,2026-10-05 11:45:16,63,京都有人家,1495203,,,
2026-10-05 12:00,2026-10-05 11:45:16,64,杏林志,1106890,,,
2026-10-05 12:00,2026-10-05 11:45:16,65,与君共长生,562872,,,
2026-10-05 12:00,2026-10-05 11:45:16,66,冒犯哥哥对不起了,1668747,,,
2026-10-05 12:00,2026-10-05 11:45:16,67,仙迹朝闻录,1386869,,,
2026-10-05 12:00,2026-10-05 11:45:16,68,纵神欢,1113864,,,
2026-10-05 12:00,2026-10-05 11:45:16,69,顶流一代,1347904,,,
2026-10-05 12:00,2026-10-05 11:45:16,70,诱君多采撷,985739,,,
2026-10-05 12:00,2026-10-05 11:45:16,71,吾凰·在上,1394326,,,
2026-10-05 12:00,2026-10-05 11:45:16,72,金珠遗梦,1055656,,,
2026-10-05 12:00,2026-10-05 11:45:16,73,大道风月史,1356274,,,
2026-10-05 12:00,2026-10-05 11:45:16,74,闪耀48区,2057385,,,
2026-10-05 12:00,2026-10-05 11:45:16,75,皇后是只狐狸精,126029,,,
2026-10-05 12:00,2026-10-05 11:45:16,76,凯尔布兰恩的誓言 ~The Calebranns Pledge~,529363,,,
2026-10-05 12:00,2026-10-05 11:45:16,77,无限求生：房车囤货组队,2056454,,,
2026-10-05 12:00,2026-10-05 11:45:16,78,无情道在逃毕业生,906237,,,
2026-10-05 12:00,2026-10-05 11:45:16,79,黑月光师尊拿命洗白,411499,,,
2026-10-05 12:00,2026-10-05 11:45:16,80,废土之王Ⅰ：起源,1035643,,,
2026-10-05 12:00,2026-10-05 11:45:16,81,赴星河,682437,,,
2026-10-05 12:00,2026-10-05 11:45:16,82,尊者她要弑仙,1098780,,,
2026-10-05 12:00,2026-10-05 11:45:16,83,社恐勇闯恋综,1269315,,,
2026-10-05 12:00,2026-10-05 11:45:16,84,宫斗这件小事新版,18216,,,
2026-10-05 12:00,2026-10-05 11:45:16,85,我竟然是个女魔头,566957,,,
2026-10-05 12:00,2026-10-05 11:45:16,86,病理性诱捕,555888,,,
2026-10-05 12:00,2026-10-05 11:45:16,87,我没有在争娱女一呀,2136044,,,
2026-10-05 12:00,2026-10-05 11:45:16,88,寡夫房里是非多,1219255,,,
2026-10-05 12:00,2026-10-05 11:45:16,89,向我臣服,1546532,,,
2026-10-05 12:00,2026-10-05 11:45:16,90,偏执大佬的金丝雀,387487,,,
2026-10-05 12:00,2026-10-05 11:45:16,91,从寒门开始,662397,,,
2026-10-05 12:00,2026-10-05 11:45:16,92,后宫群妃录,908005,,,
2026-10-05 12:00,2026-10-05 11:45:16,93,被迫成为战五渣后,1189001,,,
2026-10-05 12:00,2026-10-05 11:45:16,94,折书见长安,1359801,,,
2026-10-05 12:00,2026-10-05 11:45:16,95,问天·神显,1001159,,,
2026-10-05 12:00,2026-10-05 11:45:16,96,渣皇本色,156229,,,
2026-10-05 12:00,2026-10-05 11:45:16,97,模拟古代生活：万年无疆,787732,,,
2026-10-05 12:00,2026-10-05 11:45:16,98,灰日告白,1536181,,,
2026-10-05 12:00,2026-10-05 11:45:16,99,问道缥缈,492292,,,
2026-10-05 12:00,2026-10-05 11:45:16,100,后宫·妃色浅,527821,,,
2026-10-05 12:00,2026-10-05 11:45:16,101,捉鬼师后日谈,436436,,,
2026-10-05 12:00,2026-10-05 11:45:16,102,半荀来袭,78606,,,
2026-10-05 12:00,2026-10-05 11:45:16,103,表小姐成长计划,2240459,,,
2026-10-05 12:00,2026-10-05 11:45:16,104,顶流不过如此,1407341,,,
2026-10-05 12:00,2026-10-05 11:45:16,105,开生门,1106987,,,
2026-10-05 12:00,2026-10-05 11:45:16,106,缠梦症,1461480,,,
2026-10-05 12:00,2026-10-05 11:45:16,107,模拟豪门人生,1312326,,,
2026-10-05 12:00,2026-10-05 11:45:16,108,弥留之境,484780,,,
2026-10-05 12:00,2026-10-05 11:45:16,109,乌山四中狐狸食人事件,1551952,,,
2026-10-05 12:00,2026-10-05 11:45:16,110,逢尊,101975,,,
2026-10-05 12:00,2026-10-05 11:45:16,111,殿下在上,1080703,,,
2026-10-05 12:00,2026-10-05 11:45:16,112,恶名远扬,1491506,,,
2026-10-05 12:00,2026-10-05 11:45:16,113,女帝风月鉴,476468,,,
2026-10-05 12:00,2026-10-05 11:45:16,114,吞噬：Swallow,1569238,,,
2026-10-05 12:00,2026-10-05 11:45:16,115,修仙从掌门开始,1970231,,,
2026-10-05 12:00,2026-10-05 11:45:16,116,迢迢江湖梦,1249262,,,
2026-10-05 12:00,2026-10-05 11:45:16,117,帝尊风月史,1733342,,,
2026-10-05 12:00,2026-10-05 11:45:16,118,孤辰行,1032446,,,
2026-10-05 12:00,2026-10-05 11:45:16,119,残霜烬,1590847,,,
2026-10-05 12:00,2026-10-05 11:45:16,120,朕被迫上位,1320442,,,
2026-10-05 12:00,2026-10-05 11:45:16,121,入罗帷,1024818,,,
2026-10-05 12:00,2026-10-05 11:45:16,122,后妃成长录,371407,,,
2026-10-05 12:00,2026-10-05 11:45:16,123,折灵,1063393,,,
2026-10-05 12:00,2026-10-05 11:45:16,124,花魁宝鉴,392352,,,
2026-10-05 12:00,2026-10-05 11:45:16,125,她是六界白月光,390490,,,
2026-10-05 12:00,2026-10-05 11:45:16,126,都是信息素惹的祸,1313249,,,
2026-10-05 12:00,2026-10-05 11:45:16,127,中宫辞,901273,,,
2026-10-05 12:00,2026-10-05 11:45:16,128,idolux：在？一起搞个顶流,1625376,,,
2026-10-05 12:00,2026-10-05 11:45:16,129,风月择枝栖,1004118,,,
2026-10-05 12:00,2026-10-05 11:45:16,130,末日：禁区,1486431,,,
2026-10-05 12:00,2026-10-05 11:45:16,131,诱捕计划,702617,,,
2026-10-05 12:00,2026-10-05 11:45:16,132,二师兄很担心你,1275332,,,
2026-10-05 12:00,2026-10-05 11:45:16,133,修仙模拟器：我靠氪金打遍修仙界,1416425,,,
2026-10-05 12:00,2026-10-05 11:45:16,134,夏日相悖论,2336256,,,
2026-10-05 12:00,2026-10-05 11:45:16,135,古代人生模拟器,93556,,,
2026-10-05 12:00,2026-10-05 11:45:16,136,王女的棋盘,1575341,,,
2026-10-05 12:00,2026-10-05 11:45:16,137,妖神榻上眠,529109,,,
2026-10-05 12:00,2026-10-05 11:45:16,138,为官作宰,550178,,,
2026-10-05 12:00,2026-10-05 11:45:16,139,校园进化论,1049822,,,
2026-10-05 12:00,2026-10-05 11:45:16,140,饲喂游戏,1957819,,,
2026-10-05 12:00,2026-10-05 11:45:16,141,漂亮炮灰在线求生,562371,,,
2026-10-05 12:00,2026-10-05 11:45:16,142,山月随人归,1071735,,,
2026-10-05 12:00,2026-10-05 11:45:16,143,神女降临,409612,,,
2026-10-05 12:00,2026-10-05 11:45:16,144,春情深几许,1594653,,,
2026-10-05 12:00,2026-10-05 11:45:16,145,敌者可宿不可妻,920326,,,
2026-10-05 12:00,2026-10-05 11:45:16,146,南北春秋,570362,,,
2026-10-05 12:00,2026-10-05 11:45:16,147,反派师尊孕期出逃,1334272,,,
2026-10-05 12:00,2026-10-05 11:45:16,148,穿成限制文女配后,1508545,,,
2026-10-05 12:00,2026-10-05 11:45:16,149,皇后今日想弑夫,296338,,,
2026-10-05 12:00,2026-10-05 11:45:16,150,无限修仙录,1415203,,,
2026-10-05 12:00,2026-10-05 11:45:16,151,难寐春情艳事,1590603,,,
2026-10-05 12:00,2026-10-05 11:45:16,152,为师不尊,575911,,,
2026-10-05 12:00,2026-10-05 11:45:16,153,仙凡百味人生,1408924,,,
2026-10-05 12:00,2026-10-05 11:45:16,154,千里流放路,1042745,,,
2026-10-05 12:00,2026-10-05 11:45:16,155,举杯吧！少女,403119,,,
2026-10-05 12:00,2026-10-05 11:45:16,156,我在京城上头条,992127,,,
2026-10-05 12:00,2026-10-05 11:45:16,157,恶役大小姐养成计划,40929,,,
2026-10-05 12:00,2026-10-05 11:45:16,158,宫女升职日常,552157,,,
2026-10-05 12:00,2026-10-05 11:45:16,159,万物灵·新世,152709,,,
2026-10-05 12:00,2026-10-05 11:45:16,160,全是同的世界与恐同的我,2022447,,,
2026-10-05 12:00,2026-10-05 11:45:16,161,反派不当炮灰（新上线版）,165439,,,
2026-10-05 12:00,2026-10-05 11:45:16,162,太阳依旧升起,1494277,,,
2026-10-05 12:00,2026-10-05 11:45:16,163,古代渣女模拟器,883150,,,
2026-10-05 12:00,2026-10-05 11:45:16,164,酒肆有明珠,501686,,,
2026-10-05 12:00,2026-10-05 11:45:16,165,和丈夫和离后，被迫修罗场,1427112,,,
2026-10-05 12:00,2026-10-05 11:45:16,166,聚光灯后,461090,,,
2026-10-05 12:00,2026-10-05 11:45:16,167,月与蝶之诗,641528,,,
2026-10-05 12:00,2026-10-05 11:45:16,168,统治者们,536290,,,
2026-10-05 12:00,2026-10-05 11:45:16,169,昭昭宫廷,627494,,,
2026-10-05 12:00,2026-10-05 11:45:16,170,★天道模拟器,907444,,,
2026-10-05 12:00,2026-10-05 11:45:16,171,Omega的监狱生活,948798,,,
2026-10-05 12:00,2026-10-05 11:45:16,172,我亲爱的Demon,2072585,,,
2026-10-05 12:00,2026-10-05 11:45:16,173,不可名状之爱,2073975,,,
2026-10-05 12:00,2026-10-05 11:45:16,174,养父醋意滔天,2194594,,,
2026-10-05 12:00,2026-10-05 11:45:16,175,师尊她体带情花,920611,,,
2026-10-05 12:00,2026-10-05 11:45:16,176,千山行旅图,1360851,,,
2026-10-05 12:00,2026-10-05 11:45:16,177,反派师妹自救攻略,1974547,,,
2026-10-05 12:00,2026-10-05 11:45:16,178,春潮娈欢,2141982,,,
2026-10-05 12:00,2026-10-05 11:45:16,179,病态迷恋gl,2161356,,,
2026-10-05 12:00,2026-10-05 11:45:16,180,众生之巅,527694,,,
2026-10-05 12:00,2026-10-05 11:45:16,181,姐姐们都想独占我,1992753,,,
2026-10-05 12:00,2026-10-05 11:45:16,182,山河六州,1304457,,,
2026-10-05 12:00,2026-10-05 11:45:16,183,璀璨都市物语,750674,,,
2026-10-05 12:00,2026-10-05 11:45:16,184,死遁后成了白月光,1338973,,,
2026-10-05 12:00,2026-10-05 11:45:16,185,攀枝,997212,,,
2026-10-05 12:00,2026-10-05 11:45:16,186,请只注视我,2069463,,,
2026-10-05 12:00,2026-10-05 11:45:16,187,捉鬼文女配all in,1098480,,,
2026-10-05 12:00,2026-10-05 11:45:16,188,田园深处【完结】,47293,,,
2026-10-05 12:00,2026-10-05 11:45:16,189,.帝王风月录.,1320419,,,
2026-10-05 12:00,2026-10-05 11:45:16,190,玩转娱圈,402765,,,
2026-10-05 12:00,2026-10-05 11:45:16,191,新婚夫君不是人,2251721,,,
2026-10-05 12:00,2026-10-05 11:45:16,192,月色步风华,1267807,,,
2026-10-05 12:00,2026-10-05 11:45:16,193,攻略暴君后我死遁了,1322881,,,
2026-10-05 12:00,2026-10-05 11:45:16,194,家族模拟器：主君在上,1377571,,,
2026-10-05 12:00,2026-10-05 11:45:16,195,国色天香·妃途,493385,,,
2026-10-05 12:00,2026-10-05 11:45:16,196,皇后也宫斗,1716558,,,
2026-10-05 12:00,2026-10-05 11:45:16,197,在下凤三离,377523,,,
2026-10-05 12:00,2026-10-05 11:45:16,198,凰途似锦,562890,,,
2026-10-05 12:00,2026-10-05 11:45:16,199,长行渡云间,1179016,,,
2026-10-05 12:15,2026-10-05 12:03:11,1,师途,32351,158582327,1694426,440706
2026-10-05 12:15,2026-10-05 12:03:11,2,临帝阙,178176,140364352,1631722,329744
2026-10-05 12:15,2026-10-05 12:03:11,3,三界衔,1561773,2085851,361217,18315
2026-10-05 12:15,2026-10-05 12:03:11,4,风华临安,1644173,5335022,207633,29862
2026-10-05 12:15,2026-10-05 12:03:11,5,勿扰修仙中,397723,14939154,320355,44286
2026-10-05 12:15,2026-10-05 12:03:11,6,宫妃,8075,38210601,493206,105896
2026-10-05 12:15,2026-10-05 12:03:11,7,世长宁,1672784,873077,103931,3913
2026-10-05 12:15,2026-10-05 12:03:11,8,星期天不上头条,468214,7953524,187831,16169
2026-10-05 12:15,2026-10-05 12:03:11,9,玉台旧事,1960125,1206377,130324,5046
2026-10-05 12:15,2026-10-05 12:03:11,10,神也梦春秋,325672,41878851,480794,86691
2026-10-05 12:15,2026-10-05 12:03:11,11,仙路漫漫,35066,92890432,908111,219941
2026-10-05 12:15,2026-10-05 12:03:11,12,怪我过分美丽,103593,62262338,713378,123000
2026-10-05 12:15,2026-10-05 12:03:11,13,江山千秋万代,368816,36809297,460424,60728
2026-10-05 12:15,2026-10-05 12:03:11,14,帝宴千秋,2204392,273772,132842,1755
2026-10-05 12:15,2026-10-05 12:03:11,15,仙履奇谈,116271,10642739,288128,48184
2026-10-05 12:15,2026-10-05 12:03:11,16,AMNESIA 失忆症,3862,9129210,493096,104849
2026-10-05 12:15,2026-10-05 12:03:11,17,梦人间,437355,152033146,2174124,590381
2026-10-05 12:15,2026-10-05 12:03:11,18,京中叙,1544579,5845781,334270,28764
2026-10-05 12:15,2026-10-05 12:03:11,19,无情笺,1059026,9570550,465981,68166
2026-10-05 12:15,2026-10-05 12:03:11,20,我在古代当首富￥,2141006,200583,97313,935
2026-10-05 12:15,2026-10-05 12:03:11,21,仙门逸事,203447,4500036,147566,15505
2026-10-05 12:15,2026-10-05 12:03:11,22,溯世书⁡,1232221,1848689,144007,8595
2026-10-05 12:15,2026-10-05 12:03:11,23,妄情债,1738960,3130083,313218,24633
2026-10-05 12:15,2026-10-05 12:03:11,24,赴韶光,1070596,5903732,386319,27364
2026-10-05 12:15,2026-10-05 12:03:11,25,都想攻略女魔头,155589,33353166,543650,105369
2026-10-05 12:15,2026-10-05 12:03:11,26,娱乐圈|热搜预定,802492,15432523,311663,40350
2026-10-05 12:15,2026-10-05 12:03:11,27,古代主母风华录,388793,7268159,263002,24186
2026-10-05 12:15,2026-10-05 12:03:11,28,青宫赋,2253369,415150,148179,2364
2026-10-05 12:15,2026-10-05 12:03:11,29,后宫升职手札,379597,10078532,295657,31775
2026-10-05 12:15,2026-10-05 12:03:11,30,恶女模拟器,495331,10477694,393945,36135
2026-10-05 12:15,2026-10-05 12:03:11,31,美女进化论,165942,8295946,136436,19833
2026-10-05 12:15,2026-10-05 12:03:11,32,替兄嫁了公主后,1471378,2286206,134719,11983
2026-10-05 12:15,2026-10-05 12:03:11,33,末日之基地建设,514780,2672754,77570,8587
2026-10-05 12:15,2026-10-05 12:03:11,34,宫妃风华录,66777,25303195,473574,67982
2026-10-05 12:15,2026-10-05 12:03:11,35,一瞻杏花雨,1206600,1953476,141936,10201
2026-10-05 12:15,2026-10-05 12:03:11,36,谋仙渡,2196891,690314,203034,5319
2026-10-05 12:15,2026-10-05 12:03:11,37,山河长憾,1832279,2576674,242294,14678
2026-10-05 12:15,2026-10-05 12:03:11,38,这宫斗没法继续了,499545,4138934,142596,13291
2026-10-05 12:15,2026-10-05 12:03:11,39,并不是一般穿游,481832,28334695,592542,91562
2026-10-05 12:15,2026-10-05 12:03:11,40,渡前缘,882435,16522956,474553,61953
2026-10-05 12:15,2026-10-05 12:03:11,41,天纵,532304,13168687,368194,54778
2026-10-05 12:15,2026-10-05 12:03:11,42,朕真不想造反啊,1625253,1301139,104737,11298
2026-10-05 12:15,2026-10-05 12:03:11,43,暗卫他又跑,1577628,2452276,140597,18148
2026-10-05 12:15,2026-10-05 12:03:11,44,世家主母日常,137880,11293536,317277,31794
2026-10-05 12:15,2026-10-05 12:03:11,45,虔诚之花的晚钟,44385,5988449,315958,54194
2026-10-05 12:15,2026-10-05 12:03:11,46,千秋百代：帝王一小时,410771,15555679,452146,63780
2026-10-05 12:15,2026-10-05 12:03:11,47,古代富婆模拟器,1444027,224148,104068,1008
2026-10-05 12:15,2026-10-05 12:03:11,48,三国攻略手札,61744,11559847,229616,42939
2026-10-05 12:15,2026-10-05 12:03:11,49,明月照千山,2273898,130812,80475,999
2026-10-05 12:15,2026-10-05 12:03:11,50,造星梦工厂96,1236739,257583,46875,1643
2026-10-05 12:15,2026-10-05 12:03:11,51,青梅折枝意,835017,1985448,94646,7742
2026-10-05 12:15,2026-10-05 12:03:11,52,开播吧！电视台,806177,3265676,117952,8511
2026-10-05 12:15,2026-10-05 12:03:11,53,国际女团出道战,917544,2502113,87483,7901
2026-10-05 12:15,2026-10-05 12:03:11,54,帝凰风华录,430177,727962,51179,3737
2026-10-05 12:15,2026-10-05 12:03:11,55,世系长歌,367416,6330341,344579,23531
2026-10-05 12:15,2026-10-05 12:03:11,56,凭什么我是反派,454060,12195718,330679,56226
2026-10-05 12:15,2026-10-05 12:03:11,57,揽仙途,1923085,1404759,147989,7319
2026-10-05 12:15,2026-10-05 12:03:11,58,帝王KPI,674180,356351,97961,1636
2026-10-05 12:15,2026-10-05 12:03:11,59,朝暮谣,2128510,257739,113917,2088
2026-10-05 12:15,2026-10-05 12:03:11,60,你的私有玩物们,2262694,455494,44037,3651
2026-10-05 12:15,2026-10-05 12:03:11,61,司星·天命在我,221896,6573866,171313,21474
2026-10-05 12:15,2026-10-05 12:03:11,62,古代女子生存实录,421988,15550400,352908,42563
2026-10-05 12:15,2026-10-05 12:03:11,63,京都有人家,1495203,1623383,164443,8923
2026-10-05 12:15,2026-10-05 12:03:11,64,杏林志,1106890,2354059,122965,7302
2026-10-05 12:15,2026-10-05 12:03:11,65,与君共长生,562872,4928749,283928,22765
2026-10-05 12:15,2026-10-05 12:03:11,66,冒犯哥哥对不起了,1668747,2774204,163672,26865
2026-10-05 12:15,2026-10-05 12:03:11,67,仙迹朝闻录,1386869,6765782,337728,26576
2026-10-05 12:15,2026-10-05 12:03:11,68,纵神欢,1113864,9122547,403796,48678
2026-10-05 12:15,2026-10-05 12:03:11,69,吾凰·在上,1394326,1779518,127434,11750
2026-10-05 12:15,2026-10-05 12:03:11,70,顶流一代,1347904,1931519,82767,5451
2026-10-05 12:15,2026-10-05 12:03:11,71,诱君多采撷,985739,9050551,396276,57008
2026-10-05 12:15,2026-10-05 12:03:11,72,大道风月史,1356274,1039123,140458,5166
2026-10-05 12:15,2026-10-05 12:03:11,73,金珠遗梦,1055656,4618265,234504,18768
2026-10-05 12:15,2026-10-05 12:03:11,74,闪耀48区,2057385,653716,71225,2443
2026-10-05 12:15,2026-10-05 12:03:11,75,凯尔布兰恩的誓言 ~The Calebranns Pledge~,529363,2453848,133984,17924
2026-10-05 12:15,2026-10-05 12:03:11,76,皇后是只狐狸精,126029,35158376,530713,98802
2026-10-05 12:15,2026-10-05 12:03:11,77,无情道在逃毕业生,906237,6993345,328829,52533
2026-10-05 12:15,2026-10-05 12:03:11,78,无限求生：房车囤货组队,2056454,815745,47378,3057
2026-10-05 12:15,2026-10-05 12:03:11,79,废土之王Ⅰ：起源,1035643,2555179,76809,10402
2026-10-05 12:15,2026-10-05 12:03:11,80,黑月光师尊拿命洗白,411499,11720104,372458,60110
2026-10-05 12:15,2026-10-05 12:03:11,81,宫斗这件小事新版,18216,83812195,1051811,235992
2026-10-05 12:15,2026-10-05 12:03:11,82,赴星河,682437,679443,50667,3315
2026-10-05 12:15,2026-10-05 12:03:11,83,社恐勇闯恋综,1269315,4726036,182858,22282
2026-10-05 12:15,2026-10-05 12:03:11,84,尊者她要弑仙,1098780,3325080,205244,18087
2026-10-05 12:15,2026-10-05 12:03:11,85,我竟然是个女魔头,566957,1632776,173378,24224
2026-10-05 12:15,2026-10-05 12:03:11,86,我没有在争娱女一呀,2136044,360038,41523,1513
2026-10-05 12:15,2026-10-05 12:03:11,87,病理性诱捕,555888,3426746,202166,29611
2026-10-05 12:15,2026-10-05 12:03:11,88,向我臣服,1546532,3110894,200761,23410
2026-10-05 12:15,2026-10-05 12:03:11,89,从寒门开始,662397,7209485,191673,16828
2026-10-05 12:15,2026-10-05 12:03:11,90,寡夫房里是非多,1219255,4822282,265444,27241
2026-10-05 12:15,2026-10-05 12:03:11,91,后宫群妃录,908005,1917951,147173,5473
2026-10-05 12:15,2026-10-05 12:03:11,92,偏执大佬的金丝雀,387487,8189597,220793,33122
2026-10-05 12:15,2026-10-05 12:03:11,93,渣皇本色,156229,18017587,473767,76392
2026-10-05 12:15,2026-10-05 12:03:11,94,被迫成为战五渣后,1189001,3622525,225645,21901
2026-10-05 12:15,2026-10-05 12:03:11,95,折书见长安,1359801,1439893,150628,6401
2026-10-05 12:15,2026-10-05 12:03:11,96,问天·神显,1001159,9890588,390359,55433
2026-10-05 12:15,2026-10-05 12:03:11,97,模拟古代生活：万年无疆,787732,5897683,249935,19498
2026-10-05 12:15,2026-10-05 12:03:11,98,问道缥缈,492292,11278277,326492,44728
2026-10-05 12:15,2026-10-05 12:03:11,99,灰日告白,1536181,4410689,328356,55590
2026-10-05 12:15,2026-10-05 12:03:11,100,半荀来袭,78606,4734990,143060,21677
2026-10-05 12:15,2026-10-05 12:03:11,101,开生门,1106987,3046692,228155,22938
2026-10-05 12:15,2026-10-05 12:03:11,102,顶流不过如此,1407341,928942,73983,3019
2026-10-05 12:15,2026-10-05 12:03:11,103,模拟豪门人生,1312326,1487852,165617,6498
2026-10-05 12:15,2026-10-05 12:03:11,104,后宫·妃色浅,527821,1915693,60305,5910
2026-10-05 12:15,2026-10-05 12:03:11,105,缠梦症,1461480,2489486,211538,26802
2026-10-05 12:15,2026-10-05 12:03:11,106,捉鬼师后日谈,436436,29574956,851198,243303
2026-10-05 12:15,2026-10-05 12:03:11,107,表小姐成长计划,2240459,1085896,69484,4342
2026-10-05 12:15,2026-10-05 12:03:11,108,迢迢江湖梦,1249262,1619353,120271,7194
2026-10-05 12:15,2026-10-05 12:03:11,109,弥留之境,484780,3273700,142615,21695
2026-10-05 12:15,2026-10-05 12:03:11,110,朕被迫上位,1320442,1213208,127939,4551
2026-10-05 12:15,2026-10-05 12:03:11,111,恶名远扬,1491506,419948,64107,3045
2026-10-05 12:15,2026-10-05 12:03:11,112,乌山四中狐狸食人事件,1551952,396486,82603,4698
2026-10-05 12:15,2026-10-05 12:03:11,113,逢尊,101975,33198153,577409,102966
2026-10-05 12:15,2026-10-05 12:03:11,114,殿下在上,1080703,2447729,144863,14916
2026-10-05 12:15,2026-10-05 12:03:11,115,吞噬：Swallow,1569238,4350010,371244,50824
2026-10-05 12:15,2026-10-05 12:03:11,116,帝尊风月史,1733342,623039,79974,6493
2026-10-05 12:15,2026-10-05 12:03:11,117,入罗帷,1024818,6874404,260007,34910
2026-10-05 12:15,2026-10-05 12:03:11,118,女帝风月鉴,476468,10614274,350543,47421
2026-10-05 12:15,2026-10-05 12:03:11,119,折灵,1063393,5034322,265112,27036
2026-10-05 12:15,2026-10-05 12:03:11,120,修仙从掌门开始,1970231,625363,128282,3463
2026-10-05 12:15,2026-10-05 12:03:11,121,后妃成长录,371407,16698823,311486,39879
2026-10-05 12:15,2026-10-05 12:03:11,122,孤辰行,1032446,7329620,317759,31608
2026-10-05 12:15,2026-10-05 12:03:11,123,残霜烬,1590847,2481572,293032,16094
2026-10-05 12:15,2026-10-05 12:03:11,124,修仙模拟器：我靠氪金打遍修仙界,1416425,3406006,252891,16909
2026-10-05 12:15,2026-10-05 12:03:11,125,花魁宝鉴,392352,8636163,127127,15600
2026-10-05 12:15,2026-10-05 12:03:11,126,她是六界白月光,390490,11295903,291243,41357
2026-10-05 12:15,2026-10-05 12:03:11,127,都是信息素惹的祸,1313249,302491,76449,2061
2026-10-05 12:15,2026-10-05 12:03:11,128,idolux：在？一起搞个顶流,1625376,796494,65060,5104
2026-10-05 12:15,2026-10-05 12:03:11,129,中宫辞,901273,12050282,529996,61557
2026-10-05 12:15,2026-10-05 12:03:11,130,风月择枝栖,1004118,6109074,250189,26146
2026-10-05 12:15,2026-10-05 12:03:11,131,夏日相悖论,2336256,792531,102029,11417
2026-10-05 12:15,2026-10-05 12:03:11,132,校园进化论,1049822,5119183,262563,29203
2026-10-05 12:15,2026-10-05 12:03:11,133,末日：禁区,1486431,1411168,97753,8332
2026-10-05 12:15,2026-10-05 12:03:11,134,诱捕计划,702617,5457474,315281,38297
2026-10-05 12:15,2026-10-05 12:03:11,135,二师兄很担心你,1275332,1474977,74781,9383
2026-10-05 12:15,2026-10-05 12:03:11,136,敌者可宿不可妻,920326,2838962,138562,18269
2026-10-05 12:15,2026-10-05 12:03:11,137,饲喂游戏,1957819,305797,47040,2609
2026-10-05 12:15,2026-10-05 12:03:11,138,古代人生模拟器,93556,30080807,568561,102533
2026-10-05 12:15,2026-10-05 12:03:11,139,王女的棋盘,1575341,863241,122904,6941
2026-10-05 12:15,2026-10-05 12:03:11,140,无限修仙录,1415203,1876268,193049,17081
2026-10-05 12:15,2026-10-05 12:03:11,141,妖神榻上眠,529109,8131824,242304,32600
2026-10-05 12:15,2026-10-05 12:03:11,142,为官作宰,550178,4160503,210846,18602
2026-10-05 12:15,2026-10-05 12:03:11,143,漂亮炮灰在线求生,562371,3393117,131487,15791
2026-10-05 12:15,2026-10-05 12:03:11,144,山月随人归,1071735,1058783,62206,6209
2026-10-05 12:15,2026-10-05 12:03:11,145,反派师尊孕期出逃,1334272,2710655,210941,29839
2026-10-05 12:15,2026-10-05 12:03:11,146,神女降临,409612,2179963,109206,10110
2026-10-05 12:15,2026-10-05 12:03:11,147,春情深几许,1594653,735227,82442,3105
2026-10-05 12:15,2026-10-05 12:03:11,148,南北春秋,570362,5189896,267944,29371
2026-10-05 12:15,2026-10-05 12:03:11,149,难寐春情艳事,1590603,1142959,87268,5541
2026-10-05 12:15,2026-10-05 12:03:11,150,我在京城上头条,992127,1165488,107696,6035
2026-10-05 12:15,2026-10-05 12:03:11,151,和丈夫和离后，被迫修罗场,1427112,1604916,118935,11972
2026-10-05 12:15,2026-10-05 12:03:11,152,穿成限制文女配后,1508545,899867,81389,6007
2026-10-05 12:15,2026-10-05 12:03:11,153,千里流放路,1042745,616920,29722,2115
2026-10-05 12:15,2026-10-05 12:03:11,154,万物灵·新世,152709,1788038,101541,11463
2026-10-05 12:15,2026-10-05 12:03:11,155,仙凡百味人生,1408924,1623856,123814,7683
2026-10-05 12:15,2026-10-05 12:03:11,156,皇后今日想弑夫,296338,5953756,211780,29010
2026-10-05 12:15,2026-10-05 12:03:11,157,酒肆有明珠,501686,2123011,99690,8761
2026-10-05 12:15,2026-10-05 12:03:11,158,为师不尊,575911,3087951,285997,16067
2026-10-05 12:15,2026-10-05 12:03:11,159,举杯吧！少女,403119,8252719,231258,26860
2026-10-05 12:15,2026-10-05 12:03:11,160,恶役大小姐养成计划,40929,4708912,124659,26155
2026-10-05 12:15,2026-10-05 12:03:11,161,宫女升职日常,552157,1896339,125076,7097
2026-10-05 12:15,2026-10-05 12:03:11,162,养父醋意滔天,2194594,277346,73575,2325
2026-10-05 12:15,2026-10-05 12:03:11,163,我亲爱的Demon,2072585,1364277,111272,17030
2026-10-05 12:15,2026-10-05 12:03:11,164,全是同的世界与恐同的我,2022447,655322,103468,6861
2026-10-05 12:15,2026-10-05 12:03:11,165,反派不当炮灰（新上线版）,165439,7075813,195420,36461
2026-10-05 12:15,2026-10-05 12:03:11,166,太阳依旧升起,1494277,844485,55498,10431
2026-10-05 12:15,2026-10-05 12:03:11,167,古代渣女模拟器,883150,6624470,307538,38205
2026-10-05 12:15,2026-10-05 12:03:11,168,千山行旅图,1360851,1002632,45042,4176
2026-10-05 12:15,2026-10-05 12:03:11,169,聚光灯后,461090,14110799,223954,25720
2026-10-05 12:15,2026-10-05 12:03:11,170,月与蝶之诗,641528,496017,31384,3401
2026-10-05 12:15,2026-10-05 12:03:11,171,统治者们,536290,3910018,185854,25117
2026-10-05 12:15,2026-10-05 12:03:11,172,春潮娈欢,2141982,262972,55699,2986
2026-10-05 12:15,2026-10-05 12:03:11,173,昭昭宫廷,627494,3321773,150272,11718
2026-10-05 12:15,2026-10-05 12:03:11,174,★天道模拟器,907444,3046752,193928,18848
2026-10-05 12:15,2026-10-05 12:03:11,175,Omega的监狱生活,948798,4698698,229022,35482
2026-10-05 12:15,2026-10-05 12:03:11,176,众生之巅,527694,3036483,234949,19798
2026-10-05 12:15,2026-10-05 12:03:11,177,不可名状之爱,2073975,1310434,120643,16376
2026-10-05 12:15,2026-10-05 12:03:11,178,师尊她体带情花,920611,4296773,201882,21101
2026-10-05 12:15,2026-10-05 12:03:11,179,反派师妹自救攻略,1974547,634366,120020,3740
2026-10-05 12:15,2026-10-05 12:03:11,180,新婚夫君不是人,2251721,69582,49628,752
2026-10-05 12:15,2026-10-05 12:03:11,181,病态迷恋gl,2161356,433592,39882,4134
2026-10-05 12:15,2026-10-05 12:03:11,182,死遁后成了白月光,1338973,1504115,156301,8646
2026-10-05 12:15,2026-10-05 12:03:11,183,请只注视我,2069463,969288,136135,11348
2026-10-05 12:15,2026-10-05 12:03:11,184,田园深处【完结】,47293,8499734,120087,17383
2026-10-05 12:15,2026-10-05 12:03:11,185,璀璨都市物语,750674,5082078,160921,17164
2026-10-05 12:15,2026-10-05 12:03:11,186,姐姐们都想独占我,1992753,216759,33717,2167
2026-10-05 12:15,2026-10-05 12:03:11,187,玩转娱圈,402765,22448796,318343,46246
2026-10-05 12:15,2026-10-05 12:03:11,188,山河六州,1304457,1902576,187384,9142
2026-10-05 12:15,2026-10-05 12:03:11,189,.帝王风月录.,1320419,768550,55817,2959
2026-10-05 12:15,2026-10-05 12:03:11,190,攻略暴君后我死遁了,1322881,647389,66876,6276
2026-10-05 12:15,2026-10-05 12:03:11,191,攀枝,997212,5203997,261727,18337
2026-10-05 12:15,2026-10-05 12:03:11,192,捉鬼文女配all in,1098480,2346932,100351,12721
2026-10-05 12:15,2026-10-05 12:03:11,193,凰途似锦,562890,9742409,370371,36737
2026-10-05 12:15,2026-10-05 12:03:11,194,月色步风华,1267807,1981703,124160,7312
2026-10-05 12:15,2026-10-05 12:03:11,195,家族模拟器：主君在上,1377571,172904,51049,751
2026-10-05 12:15,2026-10-05 12:03:11,196,娇房帐中香,1168402,3352486,125604,13411
2026-10-05 12:15,2026-10-05 12:03:11,197,桃源小酒馆,379790,2205043,96196,6282
2026-10-05 12:15,2026-10-05 12:03:11,198,国色天香·妃途,493385,3595768,129979,9028
2026-10-05 12:15,2026-10-05 12:03:11,199,皇后也宫斗,1716558,201016,39141,939
2026-10-05 12:30,2026-10-05 12:23:28,1,师途,32351,158587404,1694433,440710
2026-10-05 12:30,2026-10-05 12:23:28,2,临帝阙,178176,140371275,1631739,329744
2026-10-05 12:30,2026-10-05 12:23:28,3,三界衔,1561773,2085851,361221,18322
2026-10-05 12:30,2026-10-05 12:23:28,4,风华临安,1644173,5335022,207641,29867
2026-10-05 12:30,2026-10-05 12:23:28,5,勿扰修仙中,397723,14939154,320358,44287
2026-10-05 12:30,2026-10-05 12:23:28,6,宫妃,8075,38211371,493215,105898
2026-10-05 12:30,2026-10-05 12:23:28,7,世长宁,1672784,873077,103944,3915
2026-10-05 12:30,2026-10-05 12:23:28,8,星期天不上头条,468214,7953524,187839,16170
2026-10-05 12:30,2026-10-05 12:23:28,9,玉台旧事,1960125,1206377,130327,5046
2026-10-05 12:30,2026-10-05 12:23:28,10,神也梦春秋,325672,41878851,480795,86691
2026-10-05 12:30,2026-10-05 12:23:28,11,怪我过分美丽,103593,62265281,713381,123000
2026-10-05 12:30,2026-10-05 12:23:28,12,仙路漫漫,35066,92892026,908115,219941
2026-10-05 12:30,2026-10-05 12:23:28,13,江山千秋万代,368816,36809297,460436,60730
2026-10-05 12:30,2026-10-05 12:23:28,14,帝宴千秋,2204392,275360,132860,1757
2026-10-05 12:30,2026-10-05 12:23:28,15,AMNESIA 失忆症,3862,9130668,493116,104851
2026-10-05 12:30,2026-10-05 12:23:28,16,仙履奇谈,116271,10643833,288134,48186
2026-10-05 12:30,2026-10-05 12:23:28,17,梦人间,437355,152033146,2174133,590385
2026-10-05 12:30,2026-10-05 12:23:28,18,无情笺,1059026,9571029,465985,68167
2026-10-05 12:30,2026-10-05 12:23:28,19,京中叙,1544579,5845781,334285,28764
2026-10-05 12:30,2026-10-05 12:23:28,20,仙门逸事,203447,4500335,147565,15506
2026-10-05 12:30,2026-10-05 12:23:28,21,我在古代当首富￥,2141006,201317,97320,935
2026-10-05 12:30,2026-10-05 12:23:28,22,溯世书⁡,1232221,1848689,144009,8597
2026-10-05 12:30,2026-10-05 12:23:28,23,妄情债,1738960,3130083,313232,24635
2026-10-05 12:30,2026-10-05 12:23:28,24,赴韶光,1070596,5904338,386321,27366
2026-10-05 12:30,2026-10-05 12:23:28,25,都想攻略女魔头,155589,33353763,543650,105370
2026-10-05 12:30,2026-10-05 12:23:28,26,娱乐圈|热搜预定,802492,15432523,311671,40354
2026-10-05 12:30,2026-10-05 12:23:28,27,古代主母风华录,388793,7268159,263002,24186
2026-10-05 12:30,2026-10-05 12:23:28,28,后宫升职手札,379597,10078532,295659,31775
2026-10-05 12:30,2026-10-05 12:23:28,29,青宫赋,2253369,415771,148181,2366
2026-10-05 12:30,2026-10-05 12:23:28,30,恶女模拟器,495331,10477694,393950,36136
2026-10-05 12:30,2026-10-05 12:23:28,31,美女进化论,165942,8296193,136435,19833
2026-10-05 12:30,2026-10-05 12:23:28,32,宫妃风华录,66777,25303713,473573,67982
2026-10-05 12:30,2026-10-05 12:23:28,33,替兄嫁了公主后,1471378,2286206,134722,11982
2026-10-05 12:30,2026-10-05 12:23:28,34,末日之基地建设,514780,2672754,77572,8587
2026-10-05 12:30,2026-10-05 12:23:28,35,谋仙渡,2196891,691535,203037,5320
2026-10-05 12:30,2026-10-05 12:23:28,36,一瞻杏花雨,1206600,1953476,141945,10203
2026-10-05 12:30,2026-10-05 12:23:28,37,山河长憾,1832279,2576674,242296,14679
2026-10-05 12:30,2026-10-05 12:23:28,38,渡前缘,882435,16523506,474552,61952
2026-10-05 12:30,2026-10-05 12:23:28,39,并不是一般穿游,481832,28334695,592543,91564
2026-10-05 12:30,2026-10-05 12:23:28,40,天纵,532304,13168687,368200,54778
2026-10-05 12:30,2026-10-05 12:23:28,41,这宫斗没法继续了,499545,4138934,142597,13291
2026-10-05 12:30,2026-10-05 12:23:28,42,虔诚之花的晚钟,44385,5989111,315967,54195
2026-10-05 12:30,2026-10-05 12:23:28,43,暗卫他又跑,1577628,2452276,140600,18148
2026-10-05 12:30,2026-10-05 12:23:28,44,世家主母日常,137880,11294510,317282,31795
2026-10-05 12:30,2026-10-05 12:23:28,45,朕真不想造反啊,1625253,1301139,104739,11299
2026-10-05 12:30,2026-10-05 12:23:28,46,千秋百代：帝王一小时,410771,15555679,452153,63780
2026-10-05 12:30,2026-10-05 12:23:28,47,古代富婆模拟器,1444027,224148,104067,1008
2026-10-05 12:30,2026-10-05 12:23:28,48,明月照千山,2273898,131347,80478,1001
2026-10-05 12:30,2026-10-05 12:23:28,49,三国攻略手札,61744,11560418,229617,42938
2026-10-05 12:30,2026-10-05 12:23:28,50,青梅折枝意,835017,1985448,94646,7743
2026-10-05 12:30,2026-10-05 12:23:28,51,造星梦工厂96,1236739,257583,46880,1644
2026-10-05 12:30,2026-10-05 12:23:28,52,开播吧！电视台,806177,3265676,117957,8511
2026-10-05 12:30,2026-10-05 12:23:28,53,世系长歌,367416,6330341,344581,23531
2026-10-05 12:30,2026-10-05 12:23:28,54,国际女团出道战,917544,2502187,87483,7901
2026-10-05 12:30,2026-10-05 12:23:28,55,凭什么我是反派,454060,12195718,330683,56227
2026-10-05 12:30,2026-10-05 12:23:28,56,帝凰风华录,430177,727962,51179,3737
2026-10-05 12:30,2026-10-05 12:23:28,57,揽仙途,1923085,1404759,147994,7321
2026-10-05 12:30,2026-10-05 12:23:28,58,仙迹朝闻录,1386869,6765782,337729,26576
2026-10-05 12:30,2026-10-05 12:23:28,59,你的私有玩物们,2262694,455900,44052,3653
2026-10-05 12:30,2026-10-05 12:23:28,60,帝王KPI,674180,356351,97964,1636
2026-10-05 12:30,2026-10-05 12:23:28,61,朝暮谣,2128510,258464,113922,2090
2026-10-05 12:30,2026-10-05 12:23:28,62,司星·天命在我,221896,6574086,171313,21474
2026-10-05 12:30,2026-10-05 12:23:28,63,古代女子生存实录,421988,15550400,352908,42563
2026-10-05 12:30,2026-10-05 12:23:28,64,京都有人家,1495203,1623383,164448,8923
2026-10-05 12:30,2026-10-05 12:23:28,65,与君共长生,562872,4928749,283929,22765
2026-10-05 12:30,2026-10-05 12:23:28,66,杏林志,1106890,2354238,122967,7302
2026-10-05 12:30,2026-10-05 12:23:28,67,冒犯哥哥对不起了,1668747,2774204,163693,26868
2026-10-05 12:30,2026-10-05 12:23:28,68,纵神欢,1113864,9122905,403798,48678
2026-10-05 12:30,2026-10-05 12:23:28,69,诱君多采撷,985739,9050756,396278,57008
2026-10-05 12:30,2026-10-05 12:23:28,70,金珠遗梦,1055656,4619192,234503,18768
2026-10-05 12:30,2026-10-05 12:23:28,71,吾凰·在上,1394326,1779518,127436,11750
2026-10-05 12:30,2026-10-05 12:23:28,72,顶流一代,1347904,1931519,82767,5451
2026-10-05 12:30,2026-10-05 12:23:28,73,大道风月史,1356274,1039123,140458,5166
2026-10-05 12:30,2026-10-05 12:23:28,74,凯尔布兰恩的誓言 ~The Calebranns Pledge~,529363,2453848,133988,17924
2026-10-05 12:30,2026-10-05 12:23:28,75,皇后是只狐狸精,126029,35158695,530714,98802
2026-10-05 12:30,2026-10-05 12:23:28,76,闪耀48区,2057385,653810,71225,2443
2026-10-05 12:30,2026-10-05 12:23:28,77,无情道在逃毕业生,906237,6993508,328827,52533
2026-10-05 12:30,2026-10-05 12:23:28,78,黑月光师尊拿命洗白,411499,11720104,372458,60111
2026-10-05 12:30,2026-10-05 12:23:28,79,无限求生：房车囤货组队,2056454,815823,47380,3057
2026-10-05 12:30,2026-10-05 12:23:28,80,废土之王Ⅰ：起源,1035643,2555268,76810,10402
2026-10-05 12:30,2026-10-05 12:23:28,81,宫斗这件小事新版,18216,83812617,1051812,235992
2026-10-05 12:30,2026-10-05 12:23:28,82,社恐勇闯恋综,1269315,4726036,182858,22282
2026-10-05 12:30,2026-10-05 12:23:28,83,赴星河,682437,679443,50668,3316
2026-10-05 12:30,2026-10-05 12:23:28,84,尊者她要弑仙,1098780,3325159,205246,18087
2026-10-05 12:30,2026-10-05 12:23:28,85,我没有在争娱女一呀,2136044,360237,41523,1514
2026-10-05 12:30,2026-10-05 12:23:28,86,我竟然是个女魔头,566957,1632776,173382,24224
2026-10-05 12:30,2026-10-05 12:23:28,87,后宫群妃录,908005,1918185,147172,5474
2026-10-05 12:30,2026-10-05 12:23:28,88,向我臣服,1546532,3110894,200762,23411
2026-10-05 12:30,2026-10-05 12:23:28,89,渣皇本色,156229,18018046,473767,76392
2026-10-05 12:30,2026-10-05 12:23:28,90,模拟古代生活：万年无疆,787732,5897683,249940,19499
2026-10-05 12:30,2026-10-05 12:23:28,91,病理性诱捕,555888,3426746,202165,29611
2026-10-05 12:30,2026-10-05 12:23:28,92,从寒门开始,662397,7209485,191674,16828
2026-10-05 12:30,2026-10-05 12:23:28,93,寡夫房里是非多,1219255,4822282,265447,27241
2026-10-05 12:30,2026-10-05 12:23:28,94,偏执大佬的金丝雀,387487,8189597,220792,33122
2026-10-05 12:30,2026-10-05 12:23:28,95,折书见长安,1359801,1439893,150627,6401
2026-10-05 12:30,2026-10-05 12:23:28,96,被迫成为战五渣后,1189001,3622525,225644,21901
2026-10-05 12:30,2026-10-05 12:23:28,97,问天·神显,1001159,9890756,390361,55434
2026-10-05 12:30,2026-10-05 12:23:28,98,灰日告白,1536181,4410689,328362,55590
2026-10-05 12:30,2026-10-05 12:23:28,99,问道缥缈,492292,11278277,326491,44729
2026-10-05 12:30,2026-10-05 12:23:28,100,半荀来袭,78606,4735287,143060,21677
2026-10-05 12:30,2026-10-05 12:23:28,101,模拟豪门人生,1312326,1487852,165617,6498
2026-10-05 12:30,2026-10-05 12:23:28,102,顶流不过如此,1407341,928942,73983,3020
2026-10-05 12:30,2026-10-05 12:23:28,103,开生门,1106987,3046845,228158,22938
2026-10-05 12:30,2026-10-05 12:23:28,104,缠梦症,1461480,2489486,211540,26802
2026-10-05 12:30,2026-10-05 12:23:28,105,后宫·妃色浅,527821,1915693,60306,5911
2026-10-05 12:30,2026-10-05 12:23:28,106,朕被迫上位,1320442,1213208,127946,4552
2026-10-05 12:30,2026-10-05 12:23:28,107,捉鬼师后日谈,436436,29574956,851215,243311
2026-10-05 12:30,2026-10-05 12:23:28,108,表小姐成长计划,2240459,1086196,69495,4343
2026-10-05 12:30,2026-10-05 12:23:28,109,恶名远扬,1491506,419948,64108,3045
2026-10-05 12:30,2026-10-05 12:23:28,110,迢迢江湖梦,1249262,1619353,120268,7194
2026-10-05 12:30,2026-10-05 12:23:28,111,弥留之境,484780,3273700,142612,21695
2026-10-05 12:30,2026-10-05 12:23:28,112,修仙从掌门开始,1970231,625449,128283,3463
2026-10-05 12:30,2026-10-05 12:23:28,113,乌山四中狐狸食人事件,1551952,396486,82608,4697
2026-10-05 12:30,2026-10-05 12:23:28,114,逢尊,101975,33198451,577409,102968
2026-10-05 12:30,2026-10-05 12:23:28,115,女帝风月鉴,476468,10614274,350542,47421
2026-10-05 12:30,2026-10-05 12:23:28,116,殿下在上,1080703,2447780,144862,14917
2026-10-05 12:30,2026-10-05 12:23:28,117,入罗帷,1024818,6874936,260007,34913
2026-10-05 12:30,2026-10-05 12:23:28,118,吞噬：Swallow,1569238,4350010,371248,50825
2026-10-05 12:30,2026-10-05 12:23:28,119,后妃成长录,371407,16698823,311486,39879
2026-10-05 12:30,2026-10-05 12:23:28,120,帝尊风月史,1733342,623039,79977,6493
2026-10-05 12:30,2026-10-05 12:23:28,121,孤辰行,1032446,7329911,317761,31608
2026-10-05 12:30,2026-10-05 12:23:28,122,残霜烬,1590847,2481572,293034,16094
2026-10-05 12:30,2026-10-05 12:23:28,123,折灵,1063393,5034494,265117,27039
2026-10-05 12:30,2026-10-05 12:23:28,124,她是六界白月光,390490,11295903,291244,41357
2026-10-05 12:30,2026-10-05 12:23:28,125,idolux：在？一起搞个顶流,1625376,796494,65059,5104
2026-10-05 12:30,2026-10-05 12:23:28,126,修仙模拟器：我靠氪金打遍修仙界,1416425,3406006,252892,16909
2026-10-05 12:30,2026-10-05 12:23:28,127,难寐春情艳事,1590603,1142959,87266,5541
2026-10-05 12:30,2026-10-05 12:23:28,128,中宫辞,901273,12050425,529994,61556
2026-10-05 12:30,2026-10-05 12:23:28,129,诱捕计划,702617,5457474,315282,38297
2026-10-05 12:30,2026-10-05 12:23:28,130,花魁宝鉴,392352,8636163,127127,15601
2026-10-05 12:30,2026-10-05 12:23:28,131,末日：禁区,1486431,1411168,97753,8332
2026-10-05 12:30,2026-10-05 12:23:28,132,二师兄很担心你,1275332,1474977,74785,9383
2026-10-05 12:30,2026-10-05 12:23:28,133,夏日相悖论,2336256,793064,102028,11418
2026-10-05 12:30,2026-10-05 12:23:28,134,都是信息素惹的祸,1313249,302491,76448,2061
2026-10-05 12:30,2026-10-05 12:23:28,135,风月择枝栖,1004118,6109151,250191,26146
2026-10-05 12:30,2026-10-05 12:23:28,136,校园进化论,1049822,5119278,262563,29203
2026-10-05 12:30,2026-10-05 12:23:28,137,敌者可宿不可妻,920326,2839000,138558,18269
2026-10-05 12:30,2026-10-05 12:23:28,138,为官作宰,550178,4160503,210845,18603
2026-10-05 12:30,2026-10-05 12:23:28,139,山月随人归,1071735,1058897,62205,6209
2026-10-05 12:30,2026-10-05 12:23:28,140,饲喂游戏,1957819,305797,47042,2609
2026-10-05 12:30,2026-10-05 12:23:28,141,古代人生模拟器,93556,30081031,568562,102533
2026-10-05 12:30,2026-10-05 12:23:28,142,王女的棋盘,1575341,863241,122903,6941
2026-10-05 12:30,2026-10-05 12:23:28,143,无限修仙录,1415203,1876268,193049,17081
2026-10-05 12:30,2026-10-05 12:23:28,144,反派师尊孕期出逃,1334272,2710655,210943,29840
2026-10-05 12:30,2026-10-05 12:23:28,145,妖神榻上眠,529109,8131824,242304,32600
2026-10-05 12:30,2026-10-05 12:23:28,146,春情深几许,1594653,735227,82445,3106
2026-10-05 12:30,2026-10-05 12:23:28,147,漂亮炮灰在线求生,562371,3393117,131486,15791
2026-10-05 12:30,2026-10-05 12:23:28,148,神女降临,409612,2179963,109206,10110
2026-10-05 12:30,2026-10-05 12:23:28,149,酒肆有明珠,501686,2123011,99693,8762
2026-10-05 12:30,2026-10-05 12:23:28,150,南北春秋,570362,5189896,267942,29372
2026-10-05 12:30,2026-10-05 12:23:28,151,仙凡百味人生,1408924,1623856,123816,7684
2026-10-05 12:30,2026-10-05 12:23:28,152,太阳依旧升起,1494277,844485,55506,10432
2026-10-05 12:30,2026-10-05 12:23:28,153,我在京城上头条,992127,1165595,107697,6035
2026-10-05 12:30,2026-10-05 12:23:28,154,和丈夫和离后，被迫修罗场,1427112,1604916,118938,11972
2026-10-05 12:30,2026-10-05 12:23:28,155,万物灵·新世,152709,1788187,101541,11463
2026-10-05 12:30,2026-10-05 12:23:28,156,穿成限制文女配后,1508545,899867,81390,6007
2026-10-05 12:30,2026-10-05 12:23:28,157,千里流放路,1042745,616955,29723,2115
2026-10-05 12:30,2026-10-05 12:23:28,158,我亲爱的Demon,2072585,1364499,111277,17031
2026-10-05 12:30,2026-10-05 12:23:28,159,皇后今日想弑夫,296338,5953756,211780,29010
2026-10-05 12:30,2026-10-05 12:23:28,160,为师不尊,575911,3087951,285997,16067
2026-10-05 12:30,2026-10-05 12:23:28,161,举杯吧！少女,403119,8252719,231256,26860
2026-10-05 12:30,2026-10-05 12:23:28,162,聚光灯后,461090,14110799,223955,25720
2026-10-05 12:30,2026-10-05 12:23:28,163,恶役大小姐养成计划,40929,4708976,124659,26155
2026-10-05 12:30,2026-10-05 12:23:28,164,宫女升职日常,552157,1896339,125079,7097
2026-10-05 12:30,2026-10-05 12:23:28,165,养父醋意滔天,2194594,277407,73575,2325
2026-10-05 12:30,2026-10-05 12:23:28,166,统治者们,536290,3910018,185855,25117
2026-10-05 12:30,2026-10-05 12:23:28,167,全是同的世界与恐同的我,2022447,655468,103471,6861
2026-10-05 12:30,2026-10-05 12:23:28,168,反派不当炮灰（新上线版）,165439,7075886,195419,36461
2026-10-05 12:30,2026-10-05 12:23:28,169,古代渣女模拟器,883150,6624527,307536,38205
2026-10-05 12:30,2026-10-05 12:23:28,170,众生之巅,527694,3036483,234949,19798
2026-10-05 12:30,2026-10-05 12:23:28,171,千山行旅图,1360851,1002632,45042,4176
2026-10-05 12:30,2026-10-05 12:23:28,172,新婚夫君不是人,2251721,69679,49629,752
2026-10-05 12:30,2026-10-05 12:23:28,173,月与蝶之诗,641528,496017,31387,3402
2026-10-05 12:30,2026-10-05 12:23:28,174,反派师妹自救攻略,1974547,634546,120021,3740
2026-10-05 12:30,2026-10-05 12:23:28,175,春潮娈欢,2141982,263091,55701,2986
2026-10-05 12:30,2026-10-05 12:23:28,176,昭昭宫廷,627494,3321773,150272,11718
2026-10-05 12:30,2026-10-05 12:23:28,177,★天道模拟器,907444,3046943,193925,18848
2026-10-05 12:30,2026-10-05 12:23:28,178,Omega的监狱生活,948798,4698782,229023,35482
2026-10-05 12:30,2026-10-05 12:23:28,179,病态迷恋gl,2161356,433731,39882,4134
2026-10-05 12:30,2026-10-05 12:23:28,180,.帝王风月录.,1320419,768550,55817,2960
2026-10-05 12:30,2026-10-05 12:23:28,181,不可名状之爱,2073975,1310553,120645,16377
2026-10-05 12:30,2026-10-05 12:23:28,182,玩转娱圈,402765,22448796,318341,46247
2026-10-05 12:30,2026-10-05 12:23:28,183,师尊她体带情花,920611,4296830,201883,21101
2026-10-05 12:30,2026-10-05 12:23:28,184,攻略暴君后我死遁了,1322881,647389,66886,6278
2026-10-05 12:30,2026-10-05 12:23:28,185,攀枝,997212,5204200,261728,18337
2026-10-05 12:30,2026-10-05 12:23:28,186,死遁后成了白月光,1338973,1504115,156302,8646
2026-10-05 12:30,2026-10-05 12:23:28,187,捉鬼文女配all in,1098480,2347053,100350,12721
2026-10-05 12:30,2026-10-05 12:23:28,188,请只注视我,2069463,969424,136136,11348
2026-10-05 12:30,2026-10-05 12:23:28,189,山河六州,1304457,1902576,187384,9143
2026-10-05 12:30,2026-10-05 12:23:28,190,田园深处【完结】,47293,8499837,120087,17383
2026-10-05 12:30,2026-10-05 12:23:28,191,璀璨都市物语,750674,5082078,160922,17164
2026-10-05 12:30,2026-10-05 12:23:28,192,姐姐们都想独占我,1992753,216817,33719,2168
2026-10-05 12:30,2026-10-05 12:23:28,193,恶堕宾馆: 怪谈,752515,4370168,322259,45622
2026-10-05 12:30,2026-10-05 12:23:28,194,凰途似锦,562890,9742409,370368,36737
2026-10-05 12:30,2026-10-05 12:23:28,195,月色步风华,1267807,1981703,124159,7312
2026-10-05 12:30,2026-10-05 12:23:28,196,家族模拟器：主君在上,1377571,172904,51053,751
2026-10-05 12:30,2026-10-05 12:23:28,197,娇房帐中香,1168402,3352486,125608,13411
2026-10-05 12:30,2026-10-05 12:23:28,198,精神抚慰区,2202895,44455,9505,553
2026-10-05 12:30,2026-10-05 12:23:28,199,穿成古早师徒文里的炮灰,1217929,948153,94448,8433
